{
	"textures": [
		{
			"image": "effects.png",
			"format": "RGBA8888",
			"size": {
				"w": 49,
				"h": 49
			},
			"scale": 1,
			"frames": [
				{
					"filename": "poof_04.png",
					"rotated": false,
					"trimmed": true,
					"sourceSize": {
						"w": 32,
						"h": 32
					},
					"spriteSourceSize": {
						"x": 4,
						"y": 4,
						"w": 24,
						"h": 24
					},
					"frame": {
						"x": 0,
						"y": 0,
						"w": 24,
						"h": 24
					}
				},
				{
					"filename": "poof_03.png",
					"rotated": false,
					"trimmed": true,
					"sourceSize": {
						"w": 32,
						"h": 32
					},
					"spriteSourceSize": {
						"x": 6,
						"y": 6,
						"w": 20,
						"h": 20
					},
					"frame": {
						"x": 0,
						"y": 24,
						"w": 20,
						"h": 20
					}
				},
				{
					"filename": "poof_05.png",
					"rotated": false,
					"trimmed": true,
					"sourceSize": {
						"w": 32,
						"h": 32
					},
					"spriteSourceSize": {
						"x": 6,
						"y": 7,
						"w": 19,
						"h": 21
					},
					"frame": {
						"x": 24,
						"y": 0,
						"w": 19,
						"h": 21
					}
				},
				{
					"filename": "shout_00.png",
					"rotated": false,
					"trimmed": false,
					"sourceSize": {
						"w": 10,
						"h": 5
					},
					"spriteSourceSize": {
						"x": 0,
						"y": 0,
						"w": 10,
						"h": 5
					},
					"frame": {
						"x": 0,
						"y": 44,
						"w": 10,
						"h": 5
					}
				},
				{
					"filename": "dust_03.png",
					"rotated": false,
					"trimmed": true,
					"sourceSize": {
						"w": 16,
						"h": 16
					},
					"spriteSourceSize": {
						"x": 4,
						"y": 6,
						"w": 6,
						"h": 7
					},
					"frame": {
						"x": 43,
						"y": 0,
						"w": 6,
						"h": 7
					}
				},
				{
					"filename": "poof_02.png",
					"rotated": false,
					"trimmed": true,
					"sourceSize": {
						"w": 32,
						"h": 32
					},
					"spriteSourceSize": {
						"x": 8,
						"y": 8,
						"w": 16,
						"h": 16
					},
					"frame": {
						"x": 20,
						"y": 24,
						"w": 16,
						"h": 16
					}
				},
				{
					"filename": "poof_01.png",
					"rotated": false,
					"trimmed": true,
					"sourceSize": {
						"w": 32,
						"h": 32
					},
					"spriteSourceSize": {
						"x": 10,
						"y": 10,
						"w": 12,
						"h": 12
					},
					"frame": {
						"x": 36,
						"y": 21,
						"w": 12,
						"h": 12
					}
				},
				{
					"filename": "poof_00.png",
					"rotated": false,
					"trimmed": true,
					"sourceSize": {
						"w": 32,
						"h": 32
					},
					"spriteSourceSize": {
						"x": 11,
						"y": 11,
						"w": 10,
						"h": 10
					},
					"frame": {
						"x": 36,
						"y": 33,
						"w": 10,
						"h": 10
					}
				},
				{
					"filename": "dust_04.png",
					"rotated": false,
					"trimmed": true,
					"sourceSize": {
						"w": 16,
						"h": 16
					},
					"spriteSourceSize": {
						"x": 4,
						"y": 7,
						"w": 5,
						"h": 5
					},
					"frame": {
						"x": 10,
						"y": 44,
						"w": 5,
						"h": 5
					}
				},
				{
					"filename": "dust_01.png",
					"rotated": false,
					"trimmed": true,
					"sourceSize": {
						"w": 16,
						"h": 16
					},
					"spriteSourceSize": {
						"x": 5,
						"y": 10,
						"w": 6,
						"h": 4
					},
					"frame": {
						"x": 43,
						"y": 7,
						"w": 6,
						"h": 4
					}
				},
				{
					"filename": "dust_02.png",
					"rotated": false,
					"trimmed": true,
					"sourceSize": {
						"w": 16,
						"h": 16
					},
					"spriteSourceSize": {
						"x": 5,
						"y": 5,
						"w": 8,
						"h": 6
					},
					"frame": {
						"x": 20,
						"y": 40,
						"w": 8,
						"h": 6
					}
				},
				{
					"filename": "dust_00.png",
					"rotated": false,
					"trimmed": true,
					"sourceSize": {
						"w": 16,
						"h": 16
					},
					"spriteSourceSize": {
						"x": 5,
						"y": 6,
						"w": 5,
						"h": 6
					},
					"frame": {
						"x": 43,
						"y": 11,
						"w": 5,
						"h": 6
					}
				}
			]
		}
	],
	"meta": {
		"app": "https://www.codeandweb.com/texturepacker",
		"version": "3.0",
		"smartupdate": "$TexturePacker:SmartUpdate:5402419fd21b4dfd0d93a5e235caded5:e2ac51b9206f84b5b6ac647ac1a77f61:05d3c1256da5d10ff4f36ef2966c3322$"
	}
}
