{"level01": {"columns": 20, "rows": 20, "tiles": [0, 0, 0, 0, 0, 0, 0, 0, 0, 0, 0, 0, 0, 0, 0, 0, 0, 0, 0, 0, 0, 0, 0, 0, 0, 0, 0, 0, 0, 0, 0, 0, 0, 0, 0, 0, 0, 0, 0, 0, 0, 0, 0, 0, 0, 0, 0, 0, 0, 0, 0, 0, 0, 0, 0, 0, 0, 0, 0, 0, 0, 0, 0, 0, 0, 0, 0, 0, 0, 0, 0, 0, 0, 0, 0, 0, 0, 0, 0, 0, 0, 0, 0, 0, 0, 0, 0, 0, 0, 0, 0, 0, 0, 0, 0, 0, 0, 0, 0, 0, 2, 2, 2, 3, 0, 0, 0, 0, 0, 0, 0, 0, 0, 0, 0, 0, 0, 0, 0, 0, 10, 10, 10, 12, 2, 2, 3, 0, 0, 0, 0, 0, 0, 0, 0, 0, 0, 0, 0, 0, 10, 10, 10, 10, 10, 10, 11, 0, 0, 0, 0, 0, 0, 0, 0, 0, 0, 0, 0, 0, 10, 10, 10, 10, 10, 10, 11, 0, 0, 0, 0, 0, 0, 0, 0, 0, 0, 0, 0, 0, 4, 18, 18, 18, 18, 5, 11, 0, 0, 0, 0, 0, 0, 0, 0, 0, 0, 0, 0, 0, 11, 0, 0, 59, 0, 52, 54, 0, 0, 0, 0, 0, 0, 0, 0, 0, 0, 0, 0, 0, 12, 2, 2, 2, 2, 2, 2, 2, 2, 3, 0, 0, 0, 0, 0, 0, 0, 0, 0, 0, 10, 10, 10, 10, 10, 4, 18, 18, 18, 19, 0, 0, 0, 0, 0, 0, 0, 0, 0, 0, 10, 10, 10, 10, 10, 11, 0, 0, 0, 0, 0, 0, 0, 0, 0, 0, 0, 0, 0, 0, 10, 10, 10, 10, 10, 11, 0, 0, 0, 0, 0, 0, 0, 0, 0, 0, 0, 0, 1, 2, 10, 10, 10, 10, 10, 11, 0, 0, 0, 0, 0, 0, 0, 0, 0, 0, 0, 0, 9, 10, 10, 10, 10, 10, 10, 11, 0, 57, 58, 0, 0, 0, 0, 0, 0, 0, 0, 0, 9, 10, 10, 10, 10, 10, 10, 12, 2, 2, 2, 2, 3, 21, 1, 2, 2, 2, 2, 2, 13, 10, 10, 10, 10, 10, 10, 10, 10, 10, 10, 10, 12, 2, 13, 10, 10, 10, 10, 10, 10, 10, 10, 10, 10, 10, 10, 10, 10, 10, 10, 10, 10, 10, 10, 10, 10, 10, 10, 10, 10, 10], "tileset": "tileset", "solidTiles": [0, 1, 2, 3, 4, 8, 9, 10, 11, 12, 16, 17, 18, 19, 20, 24, 25, 26, 27, 28, 32, 33, 34, 35, 40, 41, 48, 49, 50, 51, 52, 53, 59, 60], "semisolidTiles": [5, 6, 7, 13], "onoff": {"switch_a": [36], "block_a": [42, 45], "switch_b": [37], "block_b": [43, 44]}, "spikes": [14], "goal": [56, 57], "customHitboxes": {"48": {"height": 10}, "49": {"height": 10}, "50": {"height": 10}, "51": {"height": 10}, "52": {"height": 10}, "53": {"height": 10}, "56": {"height": 8, "y": 8}, "57": {"height": 8, "y": 8}, "59": {"height": 8, "width": 8}, "60": {"height": 8, "width": 8, "x": 8}}, "babySpawnTileId": 58}, "level02": {"columns": 20, "rows": 20, "tiles": [4, 18, 18, 18, 18, 18, 18, 18, 18, 18, 18, 18, 18, 18, 18, 18, 18, 18, 18, 18, 11, 0, 0, 0, 0, 0, 0, 0, 0, 0, 3221225487, 3221225487, 0, 0, 0, 0, 0, 0, 0, 0, 11, 0, 0, 0, 0, 0, 0, 0, 0, 0, 0, 0, 0, 0, 0, 0, 0, 0, 0, 0, 11, 0, 0, 0, 0, 0, 0, 0, 0, 0, 0, 0, 0, 0, 0, 0, 0, 0, 0, 0, 11, 0, 0, 0, 0, 0, 0, 0, 0, 0, 0, 0, 0, 0, 0, 0, 0, 0, 0, 0, 11, 0, 0, 0, 0, 0, 0, 0, 0, 0, 0, 0, 0, 0, 0, 0, 0, 0, 0, 0, 11, 0, 0, 0, 0, 0, 0, 0, 0, 0, 15, 15, 0, 0, 0, 0, 0, 0, 0, 0, 11, 0, 0, 0, 0, 0, 0, 0, 0, 1, 2, 2, 3, 0, 0, 0, 0, 0, 0, 0, 11, 0, 0, 0, 0, 0, 0, 0, 0, 9, 10, 10, 11, 0, 0, 0, 0, 0, 0, 33, 11, 0, 0, 0, 0, 0, 0, 0, 0, 9, 10, 10, 11, 0, 0, 0, 0, 0, 0, 41, 11, 0, 0, 0, 0, 0, 0, 0, 0, 9, 10, 10, 11, 0, 0, 0, 0, 1, 2, 2, 11, 0, 0, 0, 0, 0, 0, 0, 0, 52, 53, 53, 54, 0, 0, 0, 0, 9, 10, 10, 11, 59, 0, 0, 0, 1, 2, 2, 2, 2, 2, 2, 3, 0, 0, 0, 0, 9, 10, 10, 12, 2, 2, 2, 2, 13, 4, 18, 18, 18, 18, 18, 19, 0, 0, 0, 0, 9, 10, 10, 10, 10, 10, 10, 10, 4, 19, 0, 0, 0, 0, 0, 0, 0, 0, 0, 0, 9, 10, 10, 4, 18, 5, 10, 10, 11, 0, 0, 0, 0, 0, 0, 0, 0, 0, 0, 0, 9, 10, 10, 11, 27, 17, 5, 10, 11, 0, 57, 58, 0, 0, 25, 26, 0, 0, 0, 0, 9, 10, 10, 11, 35, 21, 9, 10, 12, 2, 2, 2, 2, 2, 2, 2, 3, 21, 1, 2, 13, 10, 10, 12, 2, 2, 13, 10, 10, 10, 10, 10, 10, 10, 10, 10, 12, 2, 13, 10, 10, 10, 10, 10, 10, 10, 10, 10, 10, 10, 10, 10, 10, 10, 10, 10, 10, 10, 10, 10, 10, 10, 10], "tileset": "tileset", "solidTiles": [0, 1, 2, 3, 4, 8, 9, 10, 11, 12, 16, 17, 18, 19, 20, 24, 25, 26, 27, 28, 32, 33, 34, 35, 40, 41, 48, 49, 50, 51, 52, 53, 59, 60], "semisolidTiles": [5, 6, 7, 13], "onoff": {"switch_a": [36], "block_a": [42, 45], "switch_b": [37], "block_b": [43, 44]}, "spikes": [14], "goal": [56, 57], "customHitboxes": {"48": {"height": 10}, "49": {"height": 10}, "50": {"height": 10}, "51": {"height": 10}, "52": {"height": 10}, "53": {"height": 10}, "56": {"height": 8, "y": 8}, "57": {"height": 8, "y": 8}, "59": {"height": 8, "width": 8}, "60": {"height": 8, "width": 8, "x": 8}}, "babySpawnTileId": 58}, "level03": {"columns": 20, "rows": 20, "tiles": [0, 0, 0, 0, 0, 0, 0, 0, 0, 0, 0, 0, 0, 0, 0, 0, 0, 0, 0, 0, 3, 0, 0, 0, 0, 0, 0, 0, 0, 0, 0, 0, 0, 0, 0, 0, 0, 0, 0, 1, 11, 0, 0, 0, 0, 0, 0, 0, 0, 0, 0, 0, 0, 0, 0, 0, 0, 0, 0, 9, 11, 0, 0, 0, 0, 0, 0, 0, 0, 0, 0, 0, 0, 0, 0, 0, 0, 0, 0, 9, 11, 0, 0, 0, 0, 0, 0, 0, 0, 0, 0, 0, 0, 0, 0, 0, 0, 0, 0, 9, 11, 0, 0, 0, 0, 0, 0, 0, 0, 0, 0, 0, 0, 0, 0, 0, 0, 0, 0, 9, 11, 0, 0, 0, 0, 0, 0, 0, 0, 0, 0, 0, 0, 0, 0, 0, 0, 0, 0, 9, 11, 0, 0, 0, 0, 0, 0, 0, 0, 0, 0, 0, 0, 0, 0, 0, 0, 33, 34, 9, 11, 0, 0, 0, 0, 0, 0, 57, 58, 0, 0, 0, 0, 0, 0, 0, 0, 41, 42, 9, 11, 0, 0, 0, 0, 0, 1, 2, 2, 3, 6, 7, 7, 7, 7, 7, 7, 7, 8, 9, 11, 0, 0, 0, 0, 0, 17, 18, 5, 11, 0, 0, 0, 0, 0, 0, 0, 0, 0, 9, 11, 0, 0, 0, 0, 0, 0, 0, 9, 11, 6, 7, 8, 0, 0, 0, 0, 0, 0, 9, 11, 15, 15, 15, 0, 0, 0, 0, 9, 11, 0, 0, 0, 0, 0, 0, 0, 0, 0, 9, 12, 2, 2, 3, 2684354575, 0, 0, 0, 9, 11, 0, 0, 0, 6, 8, 1, 2, 2, 2, 13, 10, 10, 10, 11, 2684354575, 0, 0, 0, 9, 12, 2, 2, 2, 3, 14, 9, 10, 10, 10, 10, 10, 10, 10, 11, 2684354575, 0, 0, 0, 9, 10, 10, 10, 10, 11, 59, 9, 10, 10, 10, 10, 10, 10, 10, 11, 0, 0, 0, 0, 17, 18, 18, 18, 18, 19, 14, 9, 10, 10, 10, 10, 10, 10, 10, 11, 0, 0, 0, 0, 0, 0, 0, 0, 0, 0, 0, 9, 10, 10, 10, 10, 10, 10, 10, 12, 2, 2, 2, 2, 2, 2, 2, 2, 2, 2, 2, 13, 10, 10, 10, 10, 10, 10, 10, 10, 10, 10, 10, 10, 10, 10, 10, 10, 10, 10, 10, 10, 10, 10, 10, 10], "tileset": "tileset", "solidTiles": [0, 1, 2, 3, 4, 8, 9, 10, 11, 12, 16, 17, 18, 19, 20, 24, 25, 26, 27, 28, 32, 33, 34, 35, 40, 41, 48, 49, 50, 51, 52, 53, 59, 60], "semisolidTiles": [5, 6, 7, 13], "onoff": {"switch_a": [36], "block_a": [42, 45], "switch_b": [37], "block_b": [43, 44]}, "spikes": [14], "goal": [56, 57], "customHitboxes": {"48": {"height": 10}, "49": {"height": 10}, "50": {"height": 10}, "51": {"height": 10}, "52": {"height": 10}, "53": {"height": 10}, "56": {"height": 8, "y": 8}, "57": {"height": 8, "y": 8}, "59": {"height": 8, "width": 8}, "60": {"height": 8, "width": 8, "x": 8}}, "babySpawnTileId": 58}, "level04": {"columns": 20, "rows": 20, "tiles": [0, 0, 0, 0, 0, 0, 0, 0, 0, 0, 0, 0, 0, 0, 0, 0, 0, 0, 0, 0, 0, 0, 0, 0, 0, 0, 0, 0, 0, 0, 0, 0, 0, 0, 0, 0, 0, 0, 0, 0, 0, 0, 0, 0, 0, 0, 0, 0, 0, 0, 0, 0, 0, 0, 0, 0, 0, 0, 0, 0, 0, 0, 0, 0, 0, 0, 0, 0, 0, 0, 0, 0, 0, 0, 0, 0, 0, 0, 0, 0, 0, 0, 0, 0, 0, 0, 0, 0, 0, 0, 0, 0, 0, 0, 0, 0, 0, 0, 0, 0, 0, 0, 0, 0, 0, 0, 0, 0, 0, 0, 0, 0, 0, 0, 0, 0, 0, 0, 0, 0, 0, 0, 0, 0, 0, 0, 0, 0, 0, 0, 0, 0, 0, 0, 0, 0, 0, 0, 0, 0, 0, 0, 0, 0, 0, 0, 0, 0, 0, 0, 0, 0, 0, 0, 0, 0, 0, 0, 0, 0, 3, 0, 0, 0, 0, 0, 0, 0, 0, 0, 0, 0, 0, 0, 0, 0, 0, 0, 0, 1, 11, 0, 0, 0, 0, 0, 0, 0, 0, 0, 0, 0, 0, 0, 0, 0, 0, 0, 0, 9, 11, 14, 59, 0, 0, 0, 25, 26, 33, 34, 0, 0, 0, 0, 0, 0, 0, 57, 58, 9, 11, 15, 1, 2, 2, 2, 2, 3, 41, 42, 60, 60, 60, 60, 60, 60, 60, 1, 2, 13, 12, 2, 13, 10, 10, 10, 10, 12, 2, 3, 0, 0, 0, 0, 0, 0, 0, 9, 10, 10, 10, 10, 10, 10, 10, 10, 10, 10, 10, 11, 0, 0, 0, 0, 0, 0, 0, 9, 10, 10, 10, 10, 10, 10, 10, 10, 10, 10, 10, 11, 0, 0, 0, 0, 0, 0, 0, 9, 10, 10, 10, 10, 10, 10, 10, 10, 10, 10, 10, 11, 0, 0, 0, 0, 0, 0, 0, 9, 10, 10, 10, 10, 10, 10, 10, 10, 10, 10, 10, 11, 0, 0, 0, 0, 0, 0, 0, 9, 10, 10, 10, 10, 10, 10, 10, 10, 10, 10, 10, 11, 0, 0, 0, 0, 0, 0, 0, 9, 10, 10, 10, 10, 10, 10, 10, 10, 10, 10, 10, 12, 2, 2, 2, 2, 2, 2, 2, 13, 10, 10, 10, 10, 10, 10, 10, 10, 10, 10, 10, 10, 10, 10, 10, 10, 10, 10, 10, 10, 10, 10], "tileset": "tileset", "solidTiles": [0, 1, 2, 3, 4, 8, 9, 10, 11, 12, 16, 17, 18, 19, 20, 24, 25, 26, 27, 28, 32, 33, 34, 35, 40, 41, 48, 49, 50, 51, 52, 53, 59, 60], "semisolidTiles": [5, 6, 7, 13], "onoff": {"switch_a": [36], "block_a": [42, 45], "switch_b": [37], "block_b": [43, 44]}, "spikes": [14], "goal": [56, 57], "customHitboxes": {"48": {"height": 10}, "49": {"height": 10}, "50": {"height": 10}, "51": {"height": 10}, "52": {"height": 10}, "53": {"height": 10}, "56": {"height": 8, "y": 8}, "57": {"height": 8, "y": 8}, "59": {"height": 8, "width": 8}, "60": {"height": 8, "width": 8, "x": 8}}, "babySpawnTileId": 58}, "level05": {"columns": 20, "rows": 20, "tiles": [4, 18, 18, 18, 18, 18, 18, 18, 18, 18, 18, 18, 18, 18, 18, 18, 18, 18, 18, 5, 11, 0, 0, 0, 0, 0, 0, 3221225487, 3221225487, 46, 0, 0, 0, 0, 0, 0, 0, 0, 0, 9, 11, 0, 0, 0, 0, 0, 0, 0, 0, 46, 0, 0, 0, 0, 0, 0, 0, 0, 0, 9, 11, 0, 0, 0, 15, 15, 0, 0, 0, 46, 0, 0, 0, 0, 0, 0, 0, 0, 0, 9, 11, 37, 0, 0, 1, 3, 46, 46, 46, 46, 0, 0, 0, 0, 0, 0, 0, 0, 0, 9, 11, 6, 7, 8, 17, 19, 0, 0, 0, 0, 0, 0, 0, 0, 0, 0, 0, 0, 0, 9, 11, 0, 0, 0, 0, 0, 0, 0, 0, 0, 0, 0, 0, 0, 0, 0, 0, 0, 0, 9, 12, 2, 2, 2, 3, 46, 46, 46, 46, 1, 2, 2, 2, 2, 3, 0, 0, 0, 0, 9, 10, 10, 10, 10, 11, 0, 0, 0, 0, 17, 18, 18, 18, 5, 11, 0, 0, 0, 0, 9, 10, 10, 10, 10, 11, 0, 0, 0, 0, 0, 0, 0, 0, 9, 11, 0, 0, 0, 0, 9, 10, 10, 10, 10, 11, 0, 0, 0, 0, 0, 0, 0, 0, 9, 11, 0, 0, 0, 0, 9, 10, 10, 10, 10, 11, 0, 0, 0, 0, 0, 0, 0, 0, 17, 19, 0, 0, 0, 0, 9, 10, 10, 10, 10, 11, 0, 0, 0, 0, 0, 0, 0, 0, 0, 46, 0, 0, 0, 0, 9, 4, 18, 18, 18, 19, 0, 0, 0, 0, 0, 0, 0, 0, 0, 46, 0, 57, 58, 0, 9, 11, 0, 59, 0, 46, 0, 0, 0, 0, 0, 6, 8, 1, 2, 2, 2, 2, 2, 2, 13, 12, 2, 2, 2, 2, 2, 2, 2, 2, 3, 46, 46, 9, 10, 10, 10, 10, 10, 10, 10, 10, 10, 10, 10, 10, 10, 10, 10, 10, 11, 15, 15, 9, 10, 10, 10, 10, 10, 10, 10, 10, 10, 10, 10, 10, 10, 10, 10, 10, 12, 2, 2, 13, 10, 10, 10, 10, 10, 10, 10, 10, 10, 10, 10, 10, 10, 10, 10, 10, 10, 10, 10, 10, 10, 10, 10, 10, 10, 10, 10, 10, 10, 10, 10, 10, 10, 10, 10, 10, 10, 10, 10, 10, 10, 10, 10, 10, 10, 10, 10], "tileset": "tileset", "solidTiles": [0, 1, 2, 3, 4, 8, 9, 10, 11, 12, 16, 17, 18, 19, 20, 24, 25, 26, 27, 28, 32, 33, 34, 35, 40, 41, 48, 49, 50, 51, 52, 53, 59, 60], "semisolidTiles": [5, 6, 7, 13], "onoff": {"switch_a": [36], "block_a": [42, 45], "switch_b": [37], "block_b": [43, 44]}, "spikes": [14], "goal": [56, 57], "customHitboxes": {"48": {"height": 10}, "49": {"height": 10}, "50": {"height": 10}, "51": {"height": 10}, "52": {"height": 10}, "53": {"height": 10}, "56": {"height": 8, "y": 8}, "57": {"height": 8, "y": 8}, "59": {"height": 8, "width": 8}, "60": {"height": 8, "width": 8, "x": 8}}, "babySpawnTileId": 58}, "level06": {"columns": 20, "rows": 20, "tiles": [11, 0, 0, 0, 0, 0, 0, 0, 0, 0, 9, 10, 10, 10, 10, 11, 0, 0, 0, 0, 11, 0, 0, 0, 0, 0, 0, 0, 0, 0, 9, 10, 10, 10, 10, 11, 0, 0, 0, 0, 11, 0, 0, 0, 0, 0, 0, 0, 0, 0, 9, 10, 10, 10, 10, 11, 0, 0, 0, 0, 11, 0, 0, 0, 0, 0, 0, 0, 0, 0, 9, 10, 10, 10, 10, 11, 0, 0, 0, 0, 11, 0, 0, 0, 0, 0, 0, 0, 0, 0, 9, 10, 10, 10, 10, 11, 0, 0, 0, 0, 11, 0, 0, 0, 0, 0, 0, 0, 0, 0, 9, 10, 10, 10, 10, 11, 0, 0, 0, 0, 11, 0, 37, 0, 0, 0, 0, 0, 0, 0, 17, 5, 10, 10, 10, 11, 0, 0, 0, 0, 11, 7, 8, 0, 0, 0, 0, 0, 0, 0, 1610612751, 9, 10, 10, 10, 11, 0, 0, 0, 0, 11, 0, 0, 0, 0, 0, 0, 0, 0, 0, 1610612751, 9, 10, 10, 10, 11, 0, 0, 0, 0, 11, 0, 0, 0, 0, 0, 1, 3, 46, 46, 1610612751, 9, 10, 10, 10, 11, 0, 0, 0, 0, 11, 6, 7, 8, 61, 61, 52, 54, 0, 0, 0, 17, 18, 18, 18, 19, 0, 0, 0, 0, 11, 0, 0, 0, 0, 0, 0, 0, 0, 0, 0, 0, 0, 0, 0, 0, 0, 0, 57, 58, 12, 2, 3, 46, 0, 0, 0, 0, 0, 1, 3, 46, 46, 46, 46, 46, 1, 2, 2, 2, 10, 10, 11, 46, 59, 0, 0, 37, 0, 9, 11, 15, 15, 15, 15, 15, 9, 10, 10, 10, 10, 10, 11, 15, 1, 2, 2, 2, 2, 13, 12, 2, 2, 2, 2, 2, 13, 10, 10, 10, 10, 10, 12, 2, 13, 10, 10, 10, 10, 10, 10, 10, 10, 10, 10, 10, 10, 10, 10, 10, 10, 10, 10, 10, 10, 10, 10, 10, 10, 10, 10, 10, 10, 10, 10, 10, 10, 10, 10, 10, 10, 10, 10, 10, 10, 10, 10, 10, 10, 10, 10, 10, 10, 10, 10, 10, 10, 10, 10, 10, 10, 10, 10, 10, 10, 10, 10, 10, 10, 10, 10, 10, 10, 10, 10, 10, 10, 10, 10, 10, 10, 10, 10, 10, 10, 10, 10, 10, 10, 10, 10, 10, 10, 10, 10, 10, 10, 10, 10, 10], "tileset": "tileset", "solidTiles": [0, 1, 2, 3, 4, 8, 9, 10, 11, 12, 16, 17, 18, 19, 20, 24, 25, 26, 27, 28, 32, 33, 34, 35, 40, 41, 48, 49, 50, 51, 52, 53, 59, 60], "semisolidTiles": [5, 6, 7, 13], "onoff": {"switch_a": [36], "block_a": [42, 45], "switch_b": [37], "block_b": [43, 44]}, "spikes": [14], "goal": [56, 57], "customHitboxes": {"48": {"height": 10}, "49": {"height": 10}, "50": {"height": 10}, "51": {"height": 10}, "52": {"height": 10}, "53": {"height": 10}, "56": {"height": 8, "y": 8}, "57": {"height": 8, "y": 8}, "59": {"height": 8, "width": 8}, "60": {"height": 8, "width": 8, "x": 8}}, "babySpawnTileId": 58}, "level07": {"columns": 20, "rows": 20, "tiles": [4, 18, 18, 18, 18, 18, 18, 18, 18, 18, 18, 18, 18, 18, 18, 18, 18, 18, 18, 18, 11, 3221225487, 3221225487, 3221225487, 3221225487, 3221225487, 3221225487, 3221225487, 3221225487, 3221225487, 3221225487, 3221225487, 3221225487, 3221225487, 3221225487, 3221225487, 3221225487, 3221225487, 3221225487, 3221225487, 11, 0, 0, 0, 0, 0, 0, 0, 0, 0, 0, 0, 0, 0, 0, 0, 0, 0, 0, 0, 11, 0, 0, 0, 0, 0, 0, 0, 0, 0, 0, 0, 0, 0, 0, 0, 0, 0, 0, 0, 11, 0, 0, 0, 0, 0, 15, 15, 15, 15, 15, 15, 15, 15, 15, 15, 0, 0, 0, 0, 11, 0, 0, 0, 25, 29, 29, 29, 29, 29, 29, 29, 26, 1, 2, 2, 2, 3, 0, 0, 11, 44, 44, 44, 1, 2, 2, 3, 3221225487, 3221225487, 3221225487, 3221225487, 1, 13, 10, 10, 10, 11, 0, 0, 11, 0, 0, 0, 9, 4, 18, 19, 0, 0, 0, 0, 17, 18, 18, 5, 10, 11, 0, 0, 11, 0, 0, 0, 9, 11, 3221225487, 3221225487, 0, 0, 0, 0, 3221225487, 0, 0, 17, 5, 11, 0, 0, 11, 0, 0, 0, 9, 11, 0, 0, 0, 0, 0, 0, 0, 0, 0, 3221225487, 9, 11, 0, 0, 11, 0, 0, 0, 9, 11, 0, 0, 0, 15, 15, 0, 0, 0, 0, 0, 17, 19, 0, 0, 11, 0, 0, 0, 17, 19, 0, 0, 0, 1, 3, 15, 0, 0, 0, 0, 3221225487, 46, 0, 0, 11, 0, 0, 0, 0, 46, 0, 0, 15, 9, 12, 3, 15, 0, 0, 0, 0, 46, 0, 0, 11, 0, 0, 0, 0, 46, 0, 0, 1, 13, 10, 12, 3, 15, 15, 0, 0, 46, 0, 0, 11, 0, 0, 0, 15, 46, 0, 15, 9, 10, 10, 10, 12, 2, 3, 0, 0, 46, 0, 0, 11, 0, 0, 0, 25, 29, 29, 26, 9, 10, 10, 10, 10, 10, 12, 3, 46, 46, 0, 0, 11, 0, 0, 0, 49, 0, 0, 0, 9, 10, 10, 10, 10, 10, 10, 11, 0, 0, 0, 0, 11, 59, 0, 1, 3, 37, 0, 0, 52, 53, 53, 53, 53, 53, 53, 54, 0, 57, 58, 0, 12, 2, 2, 13, 12, 2, 2, 2, 2, 2, 2, 2, 2, 2, 2, 2, 2, 2, 2, 2, 10, 10, 10, 10, 10, 10, 10, 10, 10, 10, 10, 10, 10, 10, 10, 10, 10, 10, 10, 10], "tileset": "tileset", "solidTiles": [0, 1, 2, 3, 4, 8, 9, 10, 11, 12, 16, 17, 18, 19, 20, 24, 25, 26, 27, 28, 32, 33, 34, 35, 40, 41, 48, 49, 50, 51, 52, 53, 59, 60], "semisolidTiles": [5, 6, 7, 13], "onoff": {"switch_a": [36], "block_a": [42, 45], "switch_b": [37], "block_b": [43, 44]}, "spikes": [14], "goal": [56, 57], "customHitboxes": {"48": {"height": 10}, "49": {"height": 10}, "50": {"height": 10}, "51": {"height": 10}, "52": {"height": 10}, "53": {"height": 10}, "56": {"height": 8, "y": 8}, "57": {"height": 8, "y": 8}, "59": {"height": 8, "width": 8}, "60": {"height": 8, "width": 8, "x": 8}}, "babySpawnTileId": 58}, "level08": {"columns": 20, "rows": 20, "tiles": [11, 0, 0, 0, 0, 0, 0, 0, 0, 0, 0, 0, 0, 0, 0, 0, 0, 0, 0, 0, 11, 0, 0, 0, 0, 0, 0, 0, 0, 0, 0, 0, 0, 0, 0, 0, 0, 0, 0, 0, 11, 0, 0, 0, 0, 0, 0, 0, 0, 0, 0, 0, 0, 0, 0, 0, 0, 0, 0, 0, 11, 0, 0, 0, 0, 0, 59, 0, 0, 0, 0, 0, 0, 0, 0, 0, 0, 0, 0, 0, 11, 0, 0, 0, 14, 1, 2, 2, 2, 2, 2, 2, 2, 3, 0, 0, 0, 0, 0, 0, 11, 0, 0, 0, 0, 17, 18, 18, 5, 10, 10, 10, 10, 12, 2, 3, 0, 0, 0, 0, 11, 0, 0, 0, 0, 0, 0, 0, 17, 18, 18, 18, 18, 5, 10, 11, 0, 0, 0, 0, 11, 0, 0, 0, 21, 0, 0, 0, 0, 0, 0, 0, 0, 9, 10, 11, 0, 0, 0, 0, 11, 60, 1, 2, 3, 0, 0, 0, 0, 0, 0, 0, 0, 9, 10, 11, 2684354575, 0, 0, 1610612751, 11, 37, 52, 53, 54, 0, 0, 0, 0, 0, 0, 0, 0, 17, 18, 19, 0, 0, 0, 0, 12, 2, 2, 3, 0, 0, 0, 0, 0, 0, 0, 0, 0, 0, 0, 0, 0, 0, 0, 0, 10, 10, 10, 11, 0, 0, 0, 0, 0, 0, 0, 0, 0, 0, 0, 0, 0, 0, 0, 0, 10, 10, 10, 11, 0, 0, 0, 0, 0, 0, 0, 0, 0, 1, 2, 3, 6, 7, 7, 8, 10, 10, 10, 11, 0, 0, 0, 0, 0, 0, 0, 0, 0, 9, 10, 11, 0, 0, 0, 0, 10, 10, 10, 11, 60, 60, 60, 60, 0, 0, 0, 0, 0, 9, 10, 11, 0, 0, 0, 0, 10, 10, 10, 11, 0, 0, 0, 0, 6, 8, 0, 14, 0, 17, 18, 19, 0, 0, 57, 58, 10, 10, 10, 11, 15, 15, 15, 15, 0, 0, 15, 0, 0, 0, 0, 0, 0, 1, 2, 2, 10, 10, 10, 12, 2, 2, 2, 2, 2, 2, 2, 2, 2, 3, 44, 44, 1, 13, 10, 10, 10, 10, 10, 10, 10, 10, 10, 10, 10, 10, 10, 10, 10, 11, 15, 15, 9, 10, 10, 10, 10, 10, 10, 10, 10, 10, 10, 10, 10, 10, 10, 10, 10, 12, 2, 2, 13, 10, 10, 10], "tileset": "tileset", "solidTiles": [0, 1, 2, 3, 4, 8, 9, 10, 11, 12, 16, 17, 18, 19, 20, 24, 25, 26, 27, 28, 32, 33, 34, 35, 40, 41, 48, 49, 50, 51, 52, 53, 59, 60], "semisolidTiles": [5, 6, 7, 13], "onoff": {"switch_a": [36], "block_a": [42, 45], "switch_b": [37], "block_b": [43, 44]}, "spikes": [14], "goal": [56, 57], "customHitboxes": {"48": {"height": 10}, "49": {"height": 10}, "50": {"height": 10}, "51": {"height": 10}, "52": {"height": 10}, "53": {"height": 10}, "56": {"height": 8, "y": 8}, "57": {"height": 8, "y": 8}, "59": {"height": 8, "width": 8}, "60": {"height": 8, "width": 8, "x": 8}}, "babySpawnTileId": 58}, "level_shelf01": {"columns": 20, "rows": 20, "tiles": [10, 10, 10, 10, 10, 11, 0, 0, 0, 0, 0, 0, 0, 0, 0, 0, 0, 0, 0, 9, 10, 10, 10, 10, 10, 11, 0, 0, 0, 0, 0, 0, 0, 0, 0, 0, 0, 0, 0, 9, 10, 10, 10, 10, 10, 11, 0, 0, 0, 0, 0, 0, 0, 0, 0, 0, 0, 0, 0, 9, 10, 10, 10, 10, 10, 11, 0, 0, 0, 0, 0, 0, 0, 0, 0, 0, 0, 0, 0, 9, 10, 10, 10, 10, 10, 11, 0, 0, 0, 0, 0, 0, 0, 0, 0, 0, 0, 0, 0, 9, 10, 10, 10, 10, 10, 11, 0, 0, 0, 0, 0, 0, 0, 0, 0, 0, 0, 0, 0, 9, 4, 18, 18, 18, 5, 11, 0, 0, 0, 0, 0, 0, 0, 0, 0, 0, 0, 0, 0, 9, 11, 0, 0, 0, 52, 54, 0, 0, 0, 0, 0, 0, 0, 0, 0, 0, 0, 33, 34, 9, 11, 0, 0, 6, 7, 7, 7, 8, 0, 0, 0, 0, 0, 0, 0, 0, 0, 41, 42, 9, 11, 0, 0, 0, 0, 0, 1, 2, 2, 3, 6, 7, 7, 7, 7, 7, 7, 7, 8, 9, 11, 0, 0, 0, 0, 0, 17, 18, 5, 11, 0, 0, 0, 0, 0, 0, 0, 0, 0, 9, 11, 0, 0, 0, 0, 0, 0, 0, 9, 11, 6, 7, 8, 0, 0, 0, 0, 0, 0, 9, 11, 57, 58, 0, 0, 0, 0, 0, 9, 11, 0, 0, 0, 0, 0, 0, 0, 0, 0, 9, 12, 2, 2, 3, 0, 0, 0, 0, 9, 11, 0, 0, 0, 6, 8, 1, 2, 2, 2, 13, 10, 10, 10, 11, 0, 0, 0, 0, 9, 12, 2, 2, 2, 3, 14, 9, 10, 10, 10, 10, 10, 10, 10, 11, 0, 0, 0, 0, 9, 10, 10, 10, 10, 11, 59, 9, 10, 10, 10, 10, 10, 10, 10, 11, 0, 0, 0, 0, 17, 18, 18, 18, 18, 19, 14, 9, 10, 10, 10, 10, 10, 10, 10, 11, 0, 0, 0, 0, 0, 0, 0, 0, 0, 0, 0, 9, 10, 10, 10, 10, 10, 10, 10, 12, 2, 2, 2, 2, 2, 2, 2, 2, 2, 2, 2, 13, 10, 10, 10, 10, 10, 10, 10, 10, 10, 10, 10, 10, 10, 10, 10, 10, 10, 10, 10, 10, 10, 10, 10, 10], "tileset": "tileset", "solidTiles": [0, 1, 2, 3, 4, 8, 9, 10, 11, 12, 16, 17, 18, 19, 20, 24, 25, 26, 27, 28, 32, 33, 34, 35, 40, 41, 48, 49, 50, 51, 52, 53, 59, 60], "semisolidTiles": [5, 6, 7, 13], "onoff": {"switch_a": [36], "block_a": [42, 45], "switch_b": [37], "block_b": [43, 44]}, "spikes": [14], "goal": [56, 57], "customHitboxes": {"48": {"height": 10}, "49": {"height": 10}, "50": {"height": 10}, "51": {"height": 10}, "52": {"height": 10}, "53": {"height": 10}, "56": {"height": 8, "y": 8}, "57": {"height": 8, "y": 8}, "59": {"height": 8, "width": 8}, "60": {"height": 8, "width": 8, "x": 8}}, "babySpawnTileId": 58}, "playground01": {"columns": 20, "rows": 20, "tiles": [0, 0, 0, 0, 0, 0, 0, 0, 0, 0, 0, 0, 0, 0, 0, 0, 0, 0, 1610612751, 9, 0, 0, 0, 0, 0, 0, 0, 0, 0, 0, 0, 0, 0, 0, 0, 0, 0, 0, 1610612751, 9, 0, 0, 0, 0, 0, 0, 0, 15, 0, 0, 0, 0, 15, 0, 0, 0, 0, 0, 1610612751, 9, 0, 0, 0, 0, 0, 0, 1610612751, 21, 2684354575, 0, 37, 1610612751, 21, 2684354575, 0, 0, 0, 0, 1610612751, 9, 0, 0, 0, 0, 0, 0, 0, 3221225487, 0, 6, 8, 0, 1073741839, 0, 0, 0, 0, 0, 1610612751, 9, 0, 0, 0, 0, 0, 0, 0, 0, 0, 0, 0, 0, 0, 0, 0, 0, 0, 0, 1610612751, 9, 0, 0, 0, 0, 0, 0, 15, 15, 0, 0, 0, 0, 0, 0, 0, 0, 0, 0, 1610612751, 9, 2, 3, 44, 0, 0, 0, 1, 3, 0, 0, 0, 0, 0, 0, 0, 0, 0, 0, 0, 9, 10, 11, 44, 0, 0, 0, 9, 11, 0, 0, 0, 0, 0, 0, 0, 0, 0, 0, 0, 9, 10, 11, 44, 6, 8, 0, 9, 11, 0, 0, 0, 0, 0, 0, 0, 0, 0, 0, 0, 9, 10, 11, 44, 0, 0, 44, 52, 54, 0, 0, 0, 0, 0, 0, 0, 0, 0, 0, 0, 9, 10, 11, 15, 1, 2, 2, 2, 2, 2, 3, 0, 0, 0, 0, 0, 0, 0, 0, 0, 9, 10, 12, 2, 13, 4, 18, 18, 18, 18, 19, 46, 6, 7, 7, 7, 7, 7, 8, 0, 9, 4, 18, 18, 18, 19, 0, 0, 0, 0, 0, 46, 0, 0, 0, 0, 0, 0, 0, 0, 9, 11, 0, 0, 0, 0, 0, 0, 0, 0, 0, 0, 0, 0, 0, 57, 58, 0, 0, 1, 13, 11, 0, 0, 0, 0, 0, 0, 0, 0, 21, 21, 1, 3, 6, 7, 7, 8, 1, 13, 10, 11, 0, 0, 0, 0, 0, 0, 0, 0, 0, 0, 9, 11, 0, 0, 33, 34, 9, 10, 10, 11, 0, 0, 0, 0, 0, 6, 8, 0, 0, 0, 52, 54, 0, 37, 41, 42, 9, 10, 10, 12, 2, 2, 2, 2, 2, 2, 2, 2, 2, 2, 2, 2, 2, 2, 2, 2, 13, 10, 10, 10, 10, 10, 10, 10, 10, 10, 10, 10, 10, 10, 10, 10, 10, 10, 10, 10, 10, 10, 10], "tileset": "tileset", "solidTiles": [0, 1, 2, 3, 4, 8, 9, 10, 11, 12, 16, 17, 18, 19, 20, 24, 25, 26, 27, 28, 32, 33, 34, 35, 40, 41, 48, 49, 50, 51, 52, 53, 59, 60], "semisolidTiles": [5, 6, 7, 13], "onoff": {"switch_a": [36], "block_a": [42, 45], "switch_b": [37], "block_b": [43, 44]}, "spikes": [14], "goal": [56, 57], "customHitboxes": {"48": {"height": 10}, "49": {"height": 10}, "50": {"height": 10}, "51": {"height": 10}, "52": {"height": 10}, "53": {"height": 10}, "56": {"height": 8, "y": 8}, "57": {"height": 8, "y": 8}, "59": {"height": 8, "width": 8}, "60": {"height": 8, "width": 8, "x": 8}}, "babySpawnTileId": 58}}